A/AchiuPr01,Precious Achiuwa 
A/AdamsSt01,Steven Adams 
A/AdebaBa01,Bam Adebayo 
A/AldriLa01,LaMarcus Aldridge 
A/AlexaNi01,Nickeil Alexander-Walker 
A/AllenGr01,Grayson Allen 
A/AllenJa01,Jarrett Allen 
A/AminuAl01,Al-Farouq Aminu 
A/AnderKy01,Kyle Anderson 
A/AntetGi01,Giannis Antetokounmpo 
A/AntetTh01,Thanasis Antetokounmpo 
A/AnthoCa01,Carmelo Anthony 
A/AnthoCo01,Cole Anthony 
A/AnunoOG01,OG Anunoby 
A/ArizaTr01,Trevor Ariza 
A/AugusDj01,D.J. Augustin 
A/AvdijDe01,Deni Avdija 
A/AytonDe01,Deandre Ayton 
A/AzubuUd01,Udoka Azubuike 
B/BaconDw01,Dwayne Bacon 
B/BagleMa01,Marvin Bagley III 
B/BallLa01,LaMelo Ball 
B/BallLo01,Lonzo Ball 
B/BambaMo01,Mo Bamba 
B/BaneDe01,Desmond Bane 
B/BarneHa02,Harrison Barnes 
B/BarreRJ01,RJ Barrett 
B/BartoWi01,Will Barton 
B/BatesKe01,Keita Bates-Diop 
B/BatumNi01,Nicolas Batum 
B/BazemKe01,Kent Bazemore 
B/BazleDa01,Darius Bazley 
B/BealBr01,Bradley Beal 
B/BeaslMa01,Malik Beasley 
B/BembrDe01,DeAndre' Bembry 
B/BertaDa01,Dāvis Bertāns 
B/BeverPa01,Patrick Beverley 
B/BeySa01,Saddiq Bey 
B/BeyTy01,Tyler Bey 
B/BirchKh01,Khem Birch 
B/BitadGo01,Goga Bitadze 
B/BjeliNe01,Nemanja Bjelica 
B/BledsEr01,Eric Bledsoe 
B/BogdaBo01,Bogdan Bogdanović 
B/BogdaBo02,Bojan Bogdanović 
B/BolBo01,Bol Bol 
B/BongaIs01,Isaac Bonga 
B/BookeDe01,Devin Booker 
B/BouchCh01,Chris Boucher 
B/BradlTo01,Tony Bradley 
B/BrantJa01,Jarrell Brantley 
B/BrazdIg01,Ignas Brazdeikis 
B/BridgMi01,Mikal Bridges 
B/BridgMi02,Miles Bridges 
B/BrissOs01,Oshae Brissett 
B/BrogdMa01,Malcolm Brogdon 
B/BrookAr01,Armoni Brooks 
B/BrookDi01,Dillon Brooks 
B/BrownBr01,Bruce Brown 
B/BrownCh02,Charlie Brown 
B/BrownJa02,Jaylen Brown 
B/BrownMo01,Moses Brown 
B/BrownSt02,Sterling Brown 
B/BrownTr01,Troy Brown Jr. 
B/BrunsJa01,Jalen Brunson 
B/BryanEl01,Elijah Bryant 
B/BryanTh01,Thomas Bryant 
B/BulloRe01,Reggie Bullock 
B/BurkeTr01,Trey Burke 
B/BurksAl01,Alec Burks 
B/ButleJi01,Jimmy Butler 
C/CaldwKe01,Kentavious Caldwell-Pope 
C/CampaFa01,Facundo Campazzo 
C/CancaVl01,Vlatko Čančar 
C/CapelCa01,Clint Capela 
C/CareyVe01,Vernon Carey Jr. 
C/CarteJe01,Jevon Carter 
C/CarteWe01,Wendell Carter Jr. 
C/CarteMi01,Michael Carter-Williams 
C/CarusAl01,Alex Caruso 
C/CauleWi01,Willie Cauley-Stein 
C/ChiozCh01,Chris Chiozza 
C/ChrisMa01,Marquese Chriss 
C/ClarkBr01,Brandon Clarke 
C/ClarkJo01,Jordan Clarkson 
C/ClaxtNi01,Nicolas Claxton 
C/CoffeAm01,Amir Coffey 
C/ColliJo01,John Collins 
C/ConleMi01,Mike Conley 
C/ConnaPa01,Pat Connaughton 
C/CookTy01,Tyler Cook 
C/CovinRo01,Robert Covington 
C/CraigTo01,Torrey Craig 
C/CrowdJa01,Jae Crowder 
C/CulveJa01,Jarrett Culver 
C/CurrySe01,Seth Curry 
C/CurrySt01,Stephen Curry 
D/DavisAn02,Anthony Davis 
D/DavisTe02,Terence Davis 
D/DeckGa01,Gabriel Deck 
D/DedmoDe01,Dewayne Dedmon 
D/DeRozDe01,DeMar DeRozan 
D/DiakiMa01,Mamadi Diakite 
D/DiallHa01,Hamidou Diallo 
D/DiengGo01,Gorgui Dieng 
D/DinwiSp01,Spencer Dinwiddie 
D/DiVinDo01,Donte DiVincenzo 
D/DonciLu01,Luka Dončić 
D/DortLu01,Luguentz Dort 
D/DotsoDe01,Devon Dotson 
D/DoumbSe01,Sekou Doumbouya 
D/DoziePj01,PJ Dozier 
D/DragiGo01,Goran Dragić 
D/DrummAn01,Andre Drummond 
D/DunnKr01,Kris Dunn 
D/DuranKe01,Kevin Durant 
E/EdwarAn01,Anthony Edwards 
E/EdwarCa01,Carsen Edwards 
E/EllebCj01,CJ Elleby 
E/EllinWa01,Wayne Ellington 
E/EmbiiJo01,Joel Embiid 
E/EubanDr01,Drew Eubanks 
F/FallTa01,Tacko Fall 
F/FavorDe01,Derrick Favors 
F/FernaBr01,Bruno Fernando 
F/FinneDo01,Dorian Finney-Smith 
F/FlynnMa01,Malachi Flynn 
F/ForbeBr01,Bryn Forbes 
F/ForreTr01,Trent Forrest 
F/FournEv01,Evan Fournier 
F/FoxDe01,De'Aaron Fox 
F/FultzMa01,Markelle Fultz 
G/GabriWe01,Wenyen Gabriel 
G/GaffoDa01,Daniel Gafford 
G/GalliDa01,Danilo Gallinari 
G/GarlaDa01,Darius Garland 
G/GayRu01,Rudy Gay 
G/GeorgPa01,Paul George 
G/GibsoTa01,Taj Gibson 
G/GilesHa01,Harry Giles 
G/GilgeSh01,Shai Gilgeous-Alexander 
G/GillAn01,Anthony Gill 
G/GilleFr01,Freddie Gillespie 
G/GoberRu01,Rudy Gobert 
G/GordoAa01,Aaron Gordon 
G/GordoEr01,Eric Gordon 
G/GrahaDe01,Devonte' Graham 
G/GrantJe01,Jerami Grant 
G/GreenDa02,Danny Green 
G/GreenDr01,Draymond Green 
G/GreenJa01,JaMychal Green 
G/GreenJa02,Javonte Green 
G/GreenJe02,Jeff Green 
G/GreenJo02,Josh Green 
G/GriffBl01,Blake Griffin 
H/HachiRu01,Rui Hachimura 
H/HalibTy01,Tyrese Haliburton 
H/HamptRj01,R.J. Hampton 
H/HardaTi02,Tim Hardaway Jr. 
H/HardeJa01,James Harden 
H/HarklMa01,Maurice Harkless 
H/HarpeJa01,Jared Harper 
H/HarreMo01,Montrezl Harrell 
H/HarriGa01,Gary Harris 
H/HarriJo01,Joe Harris 
H/HarriTo02,Tobias Harris 
H/HartJo01,Josh Hart 
H/HarteIs01,Isaiah Hartenstein 
H/HasleUd01,Udonis Haslem 
H/HayesJa02,Jaxson Hayes 
H/HayesKi01,Killian Hayes 
H/HaywaGo01,Gordon Hayward 
H/HernaJu01,Juan Hernangómez 
H/HernaWi01,Willy Hernangómez 
H/HerroTy01,Tyler Herro 
H/HieldBu01,Buddy Hield 
H/HillGe01,George Hill 
H/HillSo01,Solomon Hill 
H/HintoNa01,Nate Hinton 
H/HolidAa01,Aaron Holiday 
H/HolidJr01,Jrue Holiday 
H/HolidJu01,Justin Holiday 
H/HolmeRi01,Richaun Holmes 
H/HoodRo01,Rodney Hood 
H/HorfoAl01,Al Horford 
H/HortoTa01,Talen Horton-Tucker 
H/HouseDa01,Danuel House 
H/HowarDw01,Dwight Howard 
H/HowarMa02,Markus Howard 
H/HuertKe01,Kevin Huerter 
H/HugheEl01,Elijah Hughes 
H/HunteDe01,De'Andre Hunter 
H/HutchCh01,Chandler Hutchison 
I/IbakaSe01,Serge Ibaka 
I/IguodAn01,Andre Iguodala 
I/IngleJo01,Joe Ingles 
I/IngraBr01,Brandon Ingram 
I/IrvinKy01,Kyrie Irving 
I/IwundWe01,Wesley Iwundu 
J/JacksFr01,Frank Jackson 
J/JacksJo02,Josh Jackson 
J/JacksRe01,Reggie Jackson 
J/JacksJa02,Jaren Jackson Jr. 
J/JamesLe01,LeBron James 
J/JeromTy01,Ty Jerome 
J/JoeIs01,Isaiah Joe 
J/JohnsAl02,Alize Johnson 
J/JohnsCa02,Cameron Johnson 
J/JohnsJa01,James Johnson 
J/JohnsKe04,Keldon Johnson 
J/JohnsSt04,Stanley Johnson 
J/JokicNi01,Nikola Jokić 
J/JonesDa03,Damian Jones 
J/JonesTr01,Tre Jones 
J/JonesTy01,Tyus Jones 
J/JonesDe02,Derrick Jones Jr. 
J/JordaDe01,DeAndre Jordan 
J/JosepCo01,Cory Joseph 
K/KabenMf01,Mfiondu Kabengele 
K/KaminFr01,Frank Kaminsky 
K/KanteEn01,Enes Kanter 
K/KennaLu01,Luke Kennard 
K/KingLo02,Louis King 
K/KlebiMa01,Maxi Kleber 
K/KnighNa01,Nathan Knight 
K/KnoxKe01,Kevin Knox 
K/KonchJo01,John Konchar 
K/KorkmFu01,Furkan Korkmaz 
K/KorneLu01,Luke Kornet 
K/KuzmaKy01,Kyle Kuzma 
L/LambAn01,Anthony Lamb 
L/LambJe01,Jeremy Lamb 
L/LangfRo01,Romeo Langford 
L/LaVinZa01,Zach LaVine 
L/LaymaJa01,Jake Layman 
L/LeeDa03,Damion Lee 
L/LeeSa01,Saben Lee 
L/LenAl01,Alex Len 
L/LeonaKa01,Kawhi Leonard 
L/LeVerCa01,Caris LeVert 
L/LewisKi01,Kira Lewis Jr. 
L/LillaDa01,Damian Lillard 
L/LittlNa01,Nassir Little 
L/LooneKe01,Kevon Looney 
L/LopezBr01,Brook Lopez 
L/LopezRo01,Robin Lopez 
L/Louzama01,Didi Louzada 
L/LoveKe01,Kevin Love 
L/LowryKy01,Kyle Lowry 
L/LuwawTi01,Timothé Luwawu-Cabarrot 
L/LylesTr01,Trey Lyles 
M/MaledTh01,Théo Maledon 
M/MannTe01,Terance Mann 
M/MarjaBo01,Boban Marjanović 
M/MarkkLa01,Lauri Markkanen 
M/MarshNa01,Naji Marshall 
M/MartiCa02,Caleb Martin 
M/MartiCo01,Cody Martin 
M/MartiKe03,Kelan Martin 
M/MartiKe04,Kenyon Martin Jr. 
M/MaxeyTy01,Tyrese Maxey 
M/MaysSk01,Skylar Mays 
M/McColCj01,CJ McCollum 
M/McConTj01,T.J. McConnell 
M/McDanJa01,Jalen McDaniels 
M/McDerDo01,Doug McDermott 
M/McGeeJa01,JaVale McGee 
M/McGruRo01,Rodney McGruder 
M/McLauJo01,Jordan McLaughlin 
M/McLemBe01,Ben McLemore 
M/MeltoDe01,De'Anthony Melton 
M/MerriSa01,Sam Merrill 
M/MetuCh01,Chimezie Metu 
M/MiddlKh01,Khris Middleton 
M/MillsPa01,Paul Millsap 
M/MiltoSh01,Shake Milton 
M/MitchDo01,Donovan Mitchell 
M/MonkMa01,Malik Monk 
M/MooreEt01,E'Twaun Moore 
M/MoranJa01,Ja Morant 
M/MorgaJu01,Juwan Morgan 
M/MorriMa02,Markieff Morris 
M/MorriMa03,Marcus Morris 
M/MorriMo01,Monte Morris 
M/MuldeMy01,Mychal Mulder 
M/MurraDe01,Dejounte Murray 
M/MurraJa01,Jamal Murray 
M/MuscaMi01,Mike Muscala 
M/MykhaSv01,Sviatoslav Mykhailiuk 
N/NaderAb01,Abdel Nader 
N/NanceLa02,Larry Nance Jr. 
N/NesmiAa01,Aaron Nesmith 
N/NetoRa01,Raul Neto 
N/NiangGe01,Georges Niang 
N/NnajiZe01,Zeke Nnaji 
N/NoelNe01,Nerlens Noel 
N/NowelJa01,Jaylen Nowell 
N/NunnKe01,Kendrick Nunn 
N/NurkiJu01,Jusuf Nurkić 
N/NwabaDa01,David Nwaba 
N/NworaJo01,Jordan Nwora 
O/OjeleSe01,Semi Ojeleye 
O/OkekeCh01,Chuma Okeke 
O/OkogiJo01,Josh Okogie 
O/OkongOn01,Onyeka Okongwu 
O/OkoroIs01,Isaac Okoro 
O/OkpalKZ01,KZ Okpala 
O/OladiVi01,Victor Oladipo 
O/OlynyKe01,Kelly Olynyk 
o/onealro01,Royce O'Neale 
O/OniMi01,Miye Oni 
O/Osmande01,Cedi Osman 
O/OturuDa01,Daniel Oturu 
O/OubreKe01,Kelly Oubre Jr. 
P/ParkeJa01,Jabari Parker 
P/PaschEr01,Eric Paschall 
P/PattePa01,Patrick Patterson 
P/PaulCh01,Chris Paul 
P/PayneCa01,Cameron Payne 
P/PaytoEl01,Elfrid Payton 
P/PaytoGa02,Gary Payton II 
P/PlumlMa01,Mason Plumlee 
P/PoeltJa01,Jakob Poeltl 
P/PokusAl01,Aleksej Pokusevski 
P/PooleJo01,Jordan Poole 
P/PorteOt01,Otto Porter 
P/PorteKe02,Kevin Porter Jr. 
P/PorteMi01,Michael Porter Jr. 
P/PortiBo01,Bobby Portis 
P/PorziKr01,Kristaps Porziņģis 
P/PowelDw01,Dwight Powell 
P/PowelNo01,Norman Powell 
P/PrincTa02,Taurean Prince 
P/PritcPa01,Payton Pritchard 
Q/QuickIm01,Immanuel Quickley 
R/RamseJa01,Jahmi'us Ramsey 
R/RandlJu01,Julius Randle 
R/ReddiCa01,Cam Reddish 
R/ReedPa01,Paul Reed 
R/ReidNa01,Naz Reid 
R/RichaNi01,Nick Richards 
R/RichaJo01,Josh Richardson 
R/RilleGr01,Grant Riller 
R/RiverAu01,Austin Rivers 
R/RobinDu01,Duncan Robinson 
R/RobinJu01,Justin Robinson 
R/RobinMi01,Mitchell Robinson 
R/RobyIs01,Isaiah Roby 
R/RondoRa01,Rajon Rondo 
R/RoseDe01,Derrick Rose 
R/RossTe01,Terrence Ross 
R/RozieTe01,Terry Rozier 
R/RubioRi01,Ricky Rubio 
R/RusseDa01,D'Angelo Russell 
S/SabonDo01,Domantas Sabonis 
S/SamanLu01,Luka Šamanić 
S/SaricDa01,Dario Šarić 
S/SatorTo01,Tomáš Satoranský 
S/SchroDe01,Dennis Schröder 
S/ScrubJa01,Jay Scrubb 
S/SextoCo01,Collin Sexton 
S/ShameLa01,Landry Shamet 
S/SiakaPa01,Pascal Siakam 
S/SimmoBe01,Ben Simmons 
S/SimonAn01,Anfernee Simons 
S/SmartMa01,Marcus Smart 
S/SmithIs01,Ish Smith 
S/SmithJa04,Jalen Smith 
S/SmithDe03,Dennis Smith Jr. 
S/SnellTo01,Tony Snell 
S/SteveLa01,Lamar Stevens 
S/StewaIs01,Isaiah Stewart 
S/StrusMa01,Max Strus 
S/SumneEd01,Edmond Sumner 
T/TateJa01,Jae'Sean Tate 
T/TatumJa01,Jayson Tatum 
T/TemplGa01,Garrett Temple 
T/TerryTy01,Tyrell Terry 
T/TheisDa01,Daniel Theis 
T/ThomaBr01,Brodric Thomas 
T/ThomaKh01,Khyri Thomas 
T/ThomaMa02,Matt Thomas 
T/ThompTr01,Tristan Thompson 
T/ThybuMa01,Matisse Thybulle 
T/TilliKi02,Killian Tillie 
T/TillmXa01,Xavier Tillman Sr. 
T/ToppiOb01,Obi Toppin 
T/ToscaJu01,Juan Toscano-Anderson 
T/TownsKa01,Karl-Anthony Towns 
T/TrentGa02,Gary Trent Jr. 
T/TuckePj01,P.J. Tucker 
T/TurneMy01,Myles Turner 
V/ValanJo01,Jonas Valančiūnas 
V/ValenDe01,Denzel Valentine 
V/VandeJa01,Jarred Vanderbilt 
V/VanVlFr01,Fred VanVleet 
V/VasseDe01,Devin Vassell 
V/VinceGa01,Gabe Vincent 
V/VucevNi01,Nikola Vučević 
W/WadeDe01,Dean Wade 
W/WagneMo01,Moritz Wagner 
W/WalkeKe02,Kemba Walker 
W/WalkeLo01,Lonnie Walker 
W/WallJo01,John Wall 
W/WarreTj01,T.J. Warren 
W/WashiPj01,P.J. Washington 
W/WatanYu01,Yuta Watanabe 
W/WaterTr01,Tremont Waters 
W/WatsoPa01,Paul Watson 
W/WestbRu01,Russell Westbrook 
W/WhiteCo01,Coby White 
W/WhiteDe01,Derrick White 
W/WhiteHa01,Hassan Whiteside 
W/WiggiAn01,Andrew Wiggins 
W/WilliGr01,Grant Williams 
W/WilliKe04,Kenrich Williams 
W/WilliLo02,Lou Williams 
W/WilliPa01,Patrick Williams 
W/WilliRo04,Robert Williams 
W/WilliZi01,Zion Williamson 
W/WindlDy01,Dylan Windler 
W/WinslJu01,Justise Winslow 
W/WinstCa01,Cassius Winston 
W/WisemJa01,James Wiseman 
W/WoodCh01,Christian Wood 
W/WoodaRo01,Robert Woodard 
W/WrighDe01,Delon Wright 
Y/YoungTh01,Thaddeus Young 
Y/YoungTr01,Trae Young 
Z/ZelleCo01,Cody Zeller 
Z/ZubacIv01,Ivica Zubac 
J/Jacksju01,Justin Jackson 
O/Okafoja01,Jahlil Okafor 
W/Wilsodj01,D.J. Wilson 
j/jamesju01,Justin James 
b/biyombi01,Bismack Biyombo 
b/bradlav01,Avery Bradley 
m/mannini01,Nico Mannion 
p/perryre01,Reggie Perry 
j/johnsty01,Tyler Johnson 
s/sampsja02,JaKarr Sampson 
m/mckinal01,Alfonzo McKinnie 
m/mcderse01,Sean McDermott 
g/gallola01,Langston Galloway 
g/guyky01,Kyle Guy 
c/cacokde01,Devontae Cacok 
c/couside01,DeMarcus Cousins 
m/mcdanja02,Jaden McDaniels 
g/goodwbr01,Brandon Goodwin 
m/mathega01,Garrison Mathews 
g/gasolma01,Marc Gasol 
a/arcidry01,Ryan Arcidiacono 
e/ennisja01,James Ennis 
n/ntilila01,Frank Ntilikina 
d/dotsoda01,Damyean Dotson 
r/robinje01,Jerome Robinson 
j/jonesma05,Mason Jones 
m/scottmi01,Mike Scott 
m/millspa02,Patty Mills 
w/wanambr01,Brad Wanamaker 
c/clarkga01,Gary Clark 
h/harrish01,Shaquille Harrison 
r/robingl02,Glenn Robinson III 
r/randlch01,Chasson Randle 
r/redicjj01,J.J. Redick 
j/jeffrda01,DaQuan Jeffries 
b/baynear01,Aron Baynes 
s/stanlca01,Cassius Stanley 
t/teaguje01,Jeff Teague 
a/antetko01,Kostas Antetokounmpo 
m/masonfr01,Frank Mason III 
c/cookqu01,Quinn Cook 
f/feliccr01,Cristiano Felício 
s/sirvyde01,Deividas Sirvydis 
h/holliro01,Rondae Hollis-Jefferson 
b/blevike01,Keljin Blevins 
h/halljo01,Josh Hall 
d/deckga01,Gabriel Deck 
w/weathqu01,Quinndary Weatherspoon 
m/matthwe02,Wesley Matthews 
t/thornsi01,Sindarius Thornwell 
m/mellini01,Nicolò Melli 
d/davised01,Ed Davis 
j/jamesmi02,Mike James 
d/dellama01,Matthew Dellavedova 
h/hoardja01,Jaylen Hoard 
e/exumda01,Dante Exum 
